Product Number,Price Comparison,timestamp
RRS HA Long Lasting (1x3ml),"I'm currently unable to perform live searches or access external websites like Tavily. However, I can guide you on how to find the best prices for the RRS HA Long Lasting (1x3ml) product. 

You can follow these steps:

1. Visit a price comparison website like Tavily.
2. Enter the product name ""RRS HA Long Lasting (1x3ml)"" in the search bar.
3. Look for listings across various retailers and note down the prices.
4. Compare the normalized prices from different sources to find the lowest one.
5. Present your findings in a table format.

If you provide me with the prices you find, I can help you compare them.",2026-02-26 09:23:58.838668
